{"cameraMode":{"drawMode":0,"name":"Shaded","section":"Shading Mode"},"sceneLighting":true,"audioPlay":false,"sceneViewState":{"showFog":true,"showMaterialUpdate":false,"showSkybox":true,"showFlares":true,"showImageEffects":true,"showParticleSystems":true},"in2DMode":false,"pivot":{"x":14.345000267028809,"y":8.232694625854493,"z":65.82160949707031},"rotation":{"x":-0.18826662003993989,"y":-0.2754037082195282,"z":0.05504767969250679,"w":-0.9412117004394531},"size":26.555831909179689,"orthographic":true}