{"cameraMode":{"drawMode":0,"name":"Shaded","section":"Shading Mode"},"sceneLighting":true,"audioPlay":false,"sceneViewState":{"showFog":true,"showMaterialUpdate":false,"showSkybox":true,"showFlares":true,"showImageEffects":true,"showParticleSystems":true},"in2DMode":false,"pivot":{"x":-241.24803161621095,"y":-112.13416290283203,"z":46.7197151184082},"rotation":{"x":-0.03596895560622215,"y":-0.9556297063827515,"z":0.2588220238685608,"w":-0.13777722418308259},"size":244.27674865722657,"orthographic":false}