{"cameraMode":{"drawMode":0,"name":"Shaded","section":"Shading Mode"},"sceneLighting":true,"audioPlay":false,"sceneViewState":{"showFog":true,"showMaterialUpdate":false,"showSkybox":true,"showFlares":true,"showImageEffects":true,"showParticleSystems":true},"in2DMode":false,"pivot":{"x":11.34472942352295,"y":88.97533416748047,"z":15.763137817382813},"rotation":{"x":-0.03596895560622215,"y":-0.9556297063827515,"z":0.2588220238685608,"w":-0.13777722418308259},"size":284.8244934082031,"orthographic":false}