{"cameraMode":{"drawMode":0,"name":"Shaded","section":"Shading Mode"},"sceneLighting":true,"audioPlay":false,"sceneViewState":{"showFog":true,"showMaterialUpdate":false,"showSkybox":false,"showFlares":true,"showImageEffects":true,"showParticleSystems":true},"in2DMode":false,"pivot":{"x":13.320068359375,"y":50.300048828125,"z":51.43994140625},"rotation":{"x":0.07320241630077362,"y":0.6894015669822693,"z":0.07033577561378479,"w":-0.7172569632530212},"size":3637.306640625,"orthographic":false}