{"cameraMode":{"drawMode":0,"name":"Shaded","section":"Shading Mode"},"sceneLighting":false,"audioPlay":false,"sceneViewState":{"showFog":true,"showMaterialUpdate":false,"showSkybox":false,"showFlares":true,"showImageEffects":true,"showParticleSystems":true},"in2DMode":false,"pivot":{"x":0.02280592918395996,"y":0.00709158182144165,"z":-0.10626918077468872},"rotation":{"x":0.25653699040412905,"y":-0.6190740466117859,"z":0.22526974976062776,"w":0.7076367139816284},"size":0.7719688415527344,"orthographic":false}