{"cameraMode":{"drawMode":0,"name":"Shaded","section":"Shading Mode"},"sceneLighting":true,"audioPlay":false,"sceneViewState":{"showFog":true,"showMaterialUpdate":false,"showSkybox":true,"showFlares":true,"showImageEffects":true,"showParticleSystems":true},"in2DMode":false,"pivot":{"x":-26.116718292236329,"y":-16.691112518310548,"z":74.87615966796875},"rotation":{"x":-0.2285677194595337,"y":0.2273547351360321,"z":-0.05499175935983658,"w":-0.9450160264968872},"size":29.462020874023439,"orthographic":false}