{"cameraMode":{"drawMode":0,"name":"Shaded","section":"Shading Mode"},"sceneLighting":false,"audioPlay":false,"sceneViewState":{"showFog":true,"showMaterialUpdate":false,"showSkybox":false,"showFlares":true,"showImageEffects":true,"showParticleSystems":true},"in2DMode":false,"pivot":{"x":16.119443893432618,"y":1.7206066846847535,"z":-4.895976543426514},"rotation":{"x":-0.06584694236516953,"y":0.7152447700500488,"z":-0.0680164322257042,"w":-0.6924403309822083},"size":7.0602641105651859,"orthographic":false}